[{"model": "admin.logentry", "pk": 1, "fields": {"action_time": "2022-08-10T03:09:37.025Z", "user": 1, "content_type": 4, "object_id": "3", "object_repr": "jonathan123", "action_flag": 3, "change_message": ""}}, {"model": "admin.logentry", "pk": 2, "fields": {"action_time": "2022-08-10T03:09:45.877Z", "user": 1, "content_type": 4, "object_id": "4", "object_repr": "admin1", "action_flag": 3, "change_message": ""}}, {"model": "admin.logentry", "pk": 3, "fields": {"action_time": "2022-08-14T23:00:16.464Z", "user": 1, "content_type": 8, "object_id": "4", "object_repr": "Monitor LG", "action_flag": 3, "change_message": ""}}, {"model": "admin.logentry", "pk": 4, "fields": {"action_time": "2022-08-14T23:10:42.417Z", "user": 1, "content_type": 8, "object_id": "7", "object_repr": "Monitor SAMSUNG", "action_flag": 3, "change_message": ""}}, {"model": "admin.logentry", "pk": 5, "fields": {"action_time": "2022-08-15T01:27:04.836Z", "user": 1, "content_type": 4, "object_id": "8", "object_repr": "jimmy", "action_flag": 2, "change_message": "[{\"changed\": {\"fields\": [\"User permissions\"]}}]"}}, {"model": "admin.logentry", "pk": 6, "fields": {"action_time": "2022-08-15T01:28:44.190Z", "user": 1, "content_type": 4, "object_id": "8", "object_repr": "jimmy", "action_flag": 2, "change_message": "[{\"changed\": {\"fields\": [\"User permissions\"]}}]"}}, {"model": "admin.logentry", "pk": 7, "fields": {"action_time": "2022-08-15T04:14:46.536Z", "user": 1, "content_type": 4, "object_id": "9", "object_repr": "Alexander", "action_flag": 2, "change_message": "[{\"changed\": {\"fields\": [\"User permissions\"]}}]"}}, {"model": "admin.logentry", "pk": 8, "fields": {"action_time": "2022-08-15T04:32:18.774Z", "user": 1, "content_type": 4, "object_id": "9", "object_repr": "Alexander", "action_flag": 2, "change_message": "[{\"changed\": {\"fields\": [\"User permissions\"]}}]"}}, {"model": "admin.logentry", "pk": 9, "fields": {"action_time": "2022-08-15T04:33:20.443Z", "user": 1, "content_type": 4, "object_id": "9", "object_repr": "Alexander", "action_flag": 2, "change_message": "[{\"changed\": {\"fields\": [\"User permissions\"]}}]"}}, {"model": "admin.logentry", "pk": 10, "fields": {"action_time": "2022-08-15T04:36:08.121Z", "user": 1, "content_type": 4, "object_id": "8", "object_repr": "jimmy", "action_flag": 2, "change_message": "[{\"changed\": {\"fields\": [\"User permissions\"]}}]"}}, {"model": "admin.logentry", "pk": 11, "fields": {"action_time": "2022-08-15T05:11:01.789Z", "user": 1, "content_type": 4, "object_id": "12", "object_repr": "tecnico", "action_flag": 2, "change_message": "[{\"changed\": {\"fields\": [\"User permissions\"]}}]"}}, {"model": "admin.logentry", "pk": 12, "fields": {"action_time": "2022-08-15T05:12:26.788Z", "user": 1, "content_type": 4, "object_id": "11", "object_repr": "vendedor", "action_flag": 2, "change_message": "[{\"changed\": {\"fields\": [\"User permissions\"]}}]"}}, {"model": "auth.permission", "pk": 1, "fields": {"name": "Can add log entry", "content_type": 1, "codename": "add_logentry"}}, {"model": "auth.permission", "pk": 2, "fields": {"name": "Can change log entry", "content_type": 1, "codename": "change_logentry"}}, {"model": "auth.permission", "pk": 3, "fields": {"name": "Can delete log entry", "content_type": 1, "codename": "delete_logentry"}}, {"model": "auth.permission", "pk": 4, "fields": {"name": "Can view log entry", "content_type": 1, "codename": "view_logentry"}}, {"model": "auth.permission", "pk": 5, "fields": {"name": "Can add permission", "content_type": 2, "codename": "add_permission"}}, {"model": "auth.permission", "pk": 6, "fields": {"name": "Can change permission", "content_type": 2, "codename": "change_permission"}}, {"model": "auth.permission", "pk": 7, "fields": {"name": "Can delete permission", "content_type": 2, "codename": "delete_permission"}}, {"model": "auth.permission", "pk": 8, "fields": {"name": "Can view permission", "content_type": 2, "codename": "view_permission"}}, {"model": "auth.permission", "pk": 9, "fields": {"name": "Can add group", "content_type": 3, "codename": "add_group"}}, {"model": "auth.permission", "pk": 10, "fields": {"name": "Can change group", "content_type": 3, "codename": "change_group"}}, {"model": "auth.permission", "pk": 11, "fields": {"name": "Can delete group", "content_type": 3, "codename": "delete_group"}}, {"model": "auth.permission", "pk": 12, "fields": {"name": "Can view group", "content_type": 3, "codename": "view_group"}}, {"model": "auth.permission", "pk": 13, "fields": {"name": "Can add user", "content_type": 4, "codename": "add_user"}}, {"model": "auth.permission", "pk": 14, "fields": {"name": "Can change user", "content_type": 4, "codename": "change_user"}}, {"model": "auth.permission", "pk": 15, "fields": {"name": "Can delete user", "content_type": 4, "codename": "delete_user"}}, {"model": "auth.permission", "pk": 16, "fields": {"name": "Can view user", "content_type": 4, "codename": "view_user"}}, {"model": "auth.permission", "pk": 17, "fields": {"name": "Can add content type", "content_type": 5, "codename": "add_contenttype"}}, {"model": "auth.permission", "pk": 18, "fields": {"name": "Can change content type", "content_type": 5, "codename": "change_contenttype"}}, {"model": "auth.permission", "pk": 19, "fields": {"name": "Can delete content type", "content_type": 5, "codename": "delete_contenttype"}}, {"model": "auth.permission", "pk": 20, "fields": {"name": "Can view content type", "content_type": 5, "codename": "view_contenttype"}}, {"model": "auth.permission", "pk": 21, "fields": {"name": "Can add session", "content_type": 6, "codename": "add_session"}}, {"model": "auth.permission", "pk": 22, "fields": {"name": "Can change session", "content_type": 6, "codename": "change_session"}}, {"model": "auth.permission", "pk": 23, "fields": {"name": "Can delete session", "content_type": 6, "codename": "delete_session"}}, {"model": "auth.permission", "pk": 24, "fields": {"name": "Can view session", "content_type": 6, "codename": "view_session"}}, {"model": "auth.permission", "pk": 25, "fields": {"name": "Can add cliente", "content_type": 7, "codename": "add_cliente"}}, {"model": "auth.permission", "pk": 26, "fields": {"name": "Can change cliente", "content_type": 7, "codename": "change_cliente"}}, {"model": "auth.permission", "pk": 27, "fields": {"name": "Can delete cliente", "content_type": 7, "codename": "delete_cliente"}}, {"model": "auth.permission", "pk": 28, "fields": {"name": "Can view cliente", "content_type": 7, "codename": "view_cliente"}}, {"model": "auth.permission", "pk": 29, "fields": {"name": "Can add equipo", "content_type": 8, "codename": "add_equipo"}}, {"model": "auth.permission", "pk": 30, "fields": {"name": "Can change equipo", "content_type": 8, "codename": "change_equipo"}}, {"model": "auth.permission", "pk": 31, "fields": {"name": "Can delete equipo", "content_type": 8, "codename": "delete_equipo"}}, {"model": "auth.permission", "pk": 32, "fields": {"name": "Can view equipo", "content_type": 8, "codename": "view_equipo"}}, {"model": "auth.permission", "pk": 33, "fields": {"name": "Can add servicio", "content_type": 9, "codename": "add_servicio"}}, {"model": "auth.permission", "pk": 34, "fields": {"name": "Can change servicio", "content_type": 9, "codename": "change_servicio"}}, {"model": "auth.permission", "pk": 35, "fields": {"name": "Can delete servicio", "content_type": 9, "codename": "delete_servicio"}}, {"model": "auth.permission", "pk": 36, "fields": {"name": "Can view servicio", "content_type": 9, "codename": "view_servicio"}}, {"model": "auth.permission", "pk": 37, "fields": {"name": "Can add empleado", "content_type": 10, "codename": "add_empleado"}}, {"model": "auth.permission", "pk": 38, "fields": {"name": "Can change empleado", "content_type": 10, "codename": "change_empleado"}}, {"model": "auth.permission", "pk": 39, "fields": {"name": "Can delete empleado", "content_type": 10, "codename": "delete_empleado"}}, {"model": "auth.permission", "pk": 40, "fields": {"name": "Can view empleado", "content_type": 10, "codename": "view_empleado"}}, {"model": "auth.permission", "pk": 41, "fields": {"name": "Can add diagnostico", "content_type": 11, "codename": "add_diagnostico"}}, {"model": "auth.permission", "pk": 42, "fields": {"name": "Can change diagnostico", "content_type": 11, "codename": "change_diagnostico"}}, {"model": "auth.permission", "pk": 43, "fields": {"name": "Can delete diagnostico", "content_type": 11, "codename": "delete_diagnostico"}}, {"model": "auth.permission", "pk": 44, "fields": {"name": "Can view diagnostico", "content_type": 11, "codename": "view_diagnostico"}}, {"model": "auth.permission", "pk": 45, "fields": {"name": "Can add proveedor", "content_type": 12, "codename": "add_proveedor"}}, {"model": "auth.permission", "pk": 46, "fields": {"name": "Can change proveedor", "content_type": 12, "codename": "change_proveedor"}}, {"model": "auth.permission", "pk": 47, "fields": {"name": "Can delete proveedor", "content_type": 12, "codename": "delete_proveedor"}}, {"model": "auth.permission", "pk": 48, "fields": {"name": "Can view proveedor", "content_type": 12, "codename": "view_proveedor"}}, {"model": "auth.permission", "pk": 49, "fields": {"name": "Can add producto", "content_type": 13, "codename": "add_producto"}}, {"model": "auth.permission", "pk": 50, "fields": {"name": "Can change producto", "content_type": 13, "codename": "change_producto"}}, {"model": "auth.permission", "pk": 51, "fields": {"name": "Can delete producto", "content_type": 13, "codename": "delete_producto"}}, {"model": "auth.permission", "pk": 52, "fields": {"name": "Can view producto", "content_type": 13, "codename": "view_producto"}}, {"model": "auth.permission", "pk": 53, "fields": {"name": "Can add pedido", "content_type": 14, "codename": "add_pedido"}}, {"model": "auth.permission", "pk": 54, "fields": {"name": "Can change pedido", "content_type": 14, "codename": "change_pedido"}}, {"model": "auth.permission", "pk": 55, "fields": {"name": "Can delete pedido", "content_type": 14, "codename": "delete_pedido"}}, {"model": "auth.permission", "pk": 56, "fields": {"name": "Can view pedido", "content_type": 14, "codename": "view_pedido"}}, {"model": "auth.permission", "pk": 57, "fields": {"name": "Can add recibo", "content_type": 15, "codename": "add_recibo"}}, {"model": "auth.permission", "pk": 58, "fields": {"name": "Can change recibo", "content_type": 15, "codename": "change_recibo"}}, {"model": "auth.permission", "pk": 59, "fields": {"name": "Can delete recibo", "content_type": 15, "codename": "delete_recibo"}}, {"model": "auth.permission", "pk": 60, "fields": {"name": "Can view recibo", "content_type": 15, "codename": "view_recibo"}}, {"model": "auth.permission", "pk": 61, "fields": {"name": "Can add user social auth", "content_type": 16, "codename": "add_usersocialauth"}}, {"model": "auth.permission", "pk": 62, "fields": {"name": "Can change user social auth", "content_type": 16, "codename": "change_usersocialauth"}}, {"model": "auth.permission", "pk": 63, "fields": {"name": "Can delete user social auth", "content_type": 16, "codename": "delete_usersocialauth"}}, {"model": "auth.permission", "pk": 64, "fields": {"name": "Can view user social auth", "content_type": 16, "codename": "view_usersocialauth"}}, {"model": "auth.permission", "pk": 65, "fields": {"name": "Can add nonce", "content_type": 17, "codename": "add_nonce"}}, {"model": "auth.permission", "pk": 66, "fields": {"name": "Can change nonce", "content_type": 17, "codename": "change_nonce"}}, {"model": "auth.permission", "pk": 67, "fields": {"name": "Can delete nonce", "content_type": 17, "codename": "delete_nonce"}}, {"model": "auth.permission", "pk": 68, "fields": {"name": "Can view nonce", "content_type": 17, "codename": "view_nonce"}}, {"model": "auth.permission", "pk": 69, "fields": {"name": "Can add association", "content_type": 18, "codename": "add_association"}}, {"model": "auth.permission", "pk": 70, "fields": {"name": "Can change association", "content_type": 18, "codename": "change_association"}}, {"model": "auth.permission", "pk": 71, "fields": {"name": "Can delete association", "content_type": 18, "codename": "delete_association"}}, {"model": "auth.permission", "pk": 72, "fields": {"name": "Can view association", "content_type": 18, "codename": "view_association"}}, {"model": "auth.permission", "pk": 73, "fields": {"name": "Can add code", "content_type": 19, "codename": "add_code"}}, {"model": "auth.permission", "pk": 74, "fields": {"name": "Can change code", "content_type": 19, "codename": "change_code"}}, {"model": "auth.permission", "pk": 75, "fields": {"name": "Can delete code", "content_type": 19, "codename": "delete_code"}}, {"model": "auth.permission", "pk": 76, "fields": {"name": "Can view code", "content_type": 19, "codename": "view_code"}}, {"model": "auth.permission", "pk": 77, "fields": {"name": "Can add partial", "content_type": 20, "codename": "add_partial"}}, {"model": "auth.permission", "pk": 78, "fields": {"name": "Can change partial", "content_type": 20, "codename": "change_partial"}}, {"model": "auth.permission", "pk": 79, "fields": {"name": "Can delete partial", "content_type": 20, "codename": "delete_partial"}}, {"model": "auth.permission", "pk": 80, "fields": {"name": "Can view partial", "content_type": 20, "codename": "view_partial"}}, {"model": "auth.permission", "pk": 81, "fields": {"name": "Can add usuario", "content_type": 21, "codename": "add_usuario"}}, {"model": "auth.permission", "pk": 82, "fields": {"name": "Can change usuario", "content_type": 21, "codename": "change_usuario"}}, {"model": "auth.permission", "pk": 83, "fields": {"name": "Can delete usuario", "content_type": 21, "codename": "delete_usuario"}}, {"model": "auth.permission", "pk": 84, "fields": {"name": "Can view usuario", "content_type": 21, "codename": "view_usuario"}}, {"model": "auth.user", "pk": 1, "fields": {"password": "pbkdf2_sha256$320000$oK91ReWKKcdrQnAajlyYMR$zVMsOA+PZGxps22IdxG6mZypqDXcmu7WwEivhVNex/g=", "last_login": "2023-01-12T21:13:05.929Z", "is_superuser": true, "username": "admin", "first_name": "", "last_name": "", "email": "admin@gmail.com", "is_staff": true, "is_active": true, "date_joined": "2022-08-10T02:40:45.023Z", "groups": [], "user_permissions": []}}, {"model": "auth.user", "pk": 2, "fields": {"password": "!8YdWOg8vBLSlYqFJxEq0ZF5gKEQV6G4w0BS8V9GD", "last_login": "2022-08-10T02:56:54.908Z", "is_superuser": false, "username": "davidsefla99", "first_name": "Jonathan", "last_name": "Sefla", "email": "davidsefla99@gmail.com", "is_staff": false, "is_active": true, "date_joined": "2022-08-10T02:56:53.646Z", "groups": [], "user_permissions": []}}, {"model": "auth.user", "pk": 5, "fields": {"password": "pbkdf2_sha256$320000$x6JyjT0IqfLqccAuydQt1I$MeTi1giOuUWXx2ZD6dd50ep/6K75ywil9Fs6o4Ow7Ss=", "last_login": "2022-08-10T03:13:23.413Z", "is_superuser": false, "username": "jdsm", "first_name": "David", "last_name": "Sefla Macas", "email": "17ds@gmail.com", "is_staff": false, "is_active": true, "date_joined": "2022-08-10T03:12:49.290Z", "groups": [], "user_permissions": []}}, {"model": "auth.user", "pk": 6, "fields": {"password": "pbkdf2_sha256$320000$R6NhQ22ugK0w5BrEc0F3z5$wDf+st6hRelqUIC6MKQpqojV2KP2ETpWI2mT9eyCQjY=", "last_login": null, "is_superuser": false, "username": "1234", "first_name": "1234de", "last_name": "fg", "email": "123.sefla@unl.edu.ec", "is_staff": false, "is_active": true, "date_joined": "2022-08-13T20:49:35.678Z", "groups": [], "user_permissions": []}}, {"model": "auth.user", "pk": 7, "fields": {"password": "pbkdf2_sha256$320000$cqAMc5L6Td3MhZ4Cdszrjl$FAqxnQHkTe3QwJhcSIs6D5xikkjulRJyao2PyNKixyE=", "last_login": "2022-08-13T21:15:11.553Z", "is_superuser": false, "username": "jdsm44", "first_name": "David", "last_name": "Lema", "email": "lema123@gmail.com", "is_staff": false, "is_active": true, "date_joined": "2022-08-13T21:14:41.199Z", "groups": [], "user_permissions": []}}, {"model": "auth.user", "pk": 8, "fields": {"password": "pbkdf2_sha256$320000$o76oXA9gzSYawZP8Yzl7Hn$PK0BgT+qafrWof4I5USpaS0TahB3mcLMW3ug5K/9HBo=", "last_login": "2022-08-15T05:58:39.947Z", "is_superuser": false, "username": "jimmy", "first_name": "jimmy", "last_name": "cajamarca", "email": "jimmy@unl.edu.ec", "is_staff": false, "is_active": true, "date_joined": "2022-08-15T01:26:19Z", "groups": [], "user_permissions": [32]}}, {"model": "auth.user", "pk": 9, "fields": {"password": "pbkdf2_sha256$320000$7o9jMIsazFQ6M1kWwk5UuF$VyvF3ejc6V+QCk/TlpA4siB8IC0ZOn7OWwdll2lAlYg=", "last_login": "2022-08-15T04:40:40.124Z", "is_superuser": false, "username": "Alexander", "first_name": "Alexander", "last_name": "Vicente", "email": "alexander.a.vicente@unl.edu.ec", "is_staff": false, "is_active": true, "date_joined": "2022-08-15T04:08:48Z", "groups": [], "user_permissions": [32]}}, {"model": "auth.user", "pk": 10, "fields": {"password": "pbkdf2_sha256$320000$QbIUfxydIZfZWqzwViIxbX$SQ58xy5+7JbuS/WlhMs7OU7Wq/Pcj7yXP2SCVVpbFgg=", "last_login": "2022-08-15T04:34:56.877Z", "is_superuser": false, "username": "1", "first_name": "luis", "last_name": "fonsi", "email": "fonsi@hotmail.com", "is_staff": false, "is_active": true, "date_joined": "2022-08-15T04:34:37.236Z", "groups": [], "user_permissions": []}}, {"model": "auth.user", "pk": 11, "fields": {"password": "pbkdf2_sha256$320000$1mKMoV9v9NdML8cIitSILR$m95GmpKCKpUX9nhGMCKw8/cX8DiVMfdKoGV+BPCe51I=", "last_login": "2022-08-15T05:59:15.570Z", "is_superuser": false, "username": "vendedor", "first_name": "MarÝa Linda", "last_name": "Flores Herrera", "email": "lindaflores@hotmail.com", "is_staff": false, "is_active": true, "date_joined": "2022-08-15T05:07:24Z", "groups": [], "user_permissions": [25, 26, 27, 28, 29, 30, 31, 32, 53, 54, 55, 56, 49, 50, 51, 52, 57, 58, 59, 60]}}, {"model": "auth.user", "pk": 12, "fields": {"password": "pbkdf2_sha256$320000$Yz89kOl4Amkvj2bLlxfmpJ$4xxDDzDrt70P1VIY3XGehlSQ+U+IRywerXrJ2eKYbdA=", "last_login": "2022-08-15T06:00:26.485Z", "is_superuser": false, "username": "tecnico", "first_name": "Fernando Luis", "last_name": "Sßnchez GarcÝa", "email": "garcia12_@gmail.com", "is_staff": false, "is_active": true, "date_joined": "2022-08-15T05:08:12Z", "groups": [], "user_permissions": [41, 42, 43, 44, 29, 30, 31, 32, 57, 58, 59, 60]}}, {"model": "auth.user", "pk": 13, "fields": {"password": "!DcznoLKgvRNpFNKvkZKs84kYBfFglZv2AWlprWIh", "last_login": "2022-08-15T06:01:17.592Z", "is_superuser": false, "username": "jimmycaja134", "first_name": "Jimmy", "last_name": "DJ", "email": "jimmycaja134@gmail.com", "is_staff": false, "is_active": true, "date_joined": "2022-08-15T06:01:17.557Z", "groups": [], "user_permissions": []}}, {"model": "contenttypes.contenttype", "pk": 1, "fields": {"app_label": "admin", "model": "logentry"}}, {"model": "contenttypes.contenttype", "pk": 2, "fields": {"app_label": "auth", "model": "permission"}}, {"model": "contenttypes.contenttype", "pk": 3, "fields": {"app_label": "auth", "model": "group"}}, {"model": "contenttypes.contenttype", "pk": 4, "fields": {"app_label": "auth", "model": "user"}}, {"model": "contenttypes.contenttype", "pk": 5, "fields": {"app_label": "contenttypes", "model": "contenttype"}}, {"model": "contenttypes.contenttype", "pk": 6, "fields": {"app_label": "sessions", "model": "session"}}, {"model": "contenttypes.contenttype", "pk": 7, "fields": {"app_label": "ServicioTecnico", "model": "cliente"}}, {"model": "contenttypes.contenttype", "pk": 8, "fields": {"app_label": "ServicioTecnico", "model": "equipo"}}, {"model": "contenttypes.contenttype", "pk": 9, "fields": {"app_label": "ServicioTecnico", "model": "servicio"}}, {"model": "contenttypes.contenttype", "pk": 10, "fields": {"app_label": "ServicioTecnico", "model": "empleado"}}, {"model": "contenttypes.contenttype", "pk": 11, "fields": {"app_label": "ServicioTecnico", "model": "diagnostico"}}, {"model": "contenttypes.contenttype", "pk": 12, "fields": {"app_label": "ServicioTecnico", "model": "proveedor"}}, {"model": "contenttypes.contenttype", "pk": 13, "fields": {"app_label": "ServicioTecnico", "model": "producto"}}, {"model": "contenttypes.contenttype", "pk": 14, "fields": {"app_label": "ServicioTecnico", "model": "pedido"}}, {"model": "contenttypes.contenttype", "pk": 15, "fields": {"app_label": "ServicioTecnico", "model": "recibo"}}, {"model": "contenttypes.contenttype", "pk": 16, "fields": {"app_label": "social_django", "model": "usersocialauth"}}, {"model": "contenttypes.contenttype", "pk": 17, "fields": {"app_label": "social_django", "model": "nonce"}}, {"model": "contenttypes.contenttype", "pk": 18, "fields": {"app_label": "social_django", "model": "association"}}, {"model": "contenttypes.contenttype", "pk": 19, "fields": {"app_label": "social_django", "model": "code"}}, {"model": "contenttypes.contenttype", "pk": 20, "fields": {"app_label": "social_django", "model": "partial"}}, {"model": "contenttypes.contenttype", "pk": 21, "fields": {"app_label": "ServicioTecnico", "model": "usuario"}}, {"model": "sessions.session", "pk": "2kxu1af1qer7ml3zbt6b7v03rwz4z3ec", "fields": {"session_data": ".eJxVjDsOwyAQRO9CHSHALJiU6X0GtHw2OIlAMnYV5e6xJRdJOfPezJt53Nbit54XPyd2ZZJdfruA8ZnrAdID673x2Oq6zIEfCj9p51NL-XU73b-Dgr3saxvJSW0EmDwksoqMHkFRgDEmJx2SkOQGma1FtYccSCeDILSKAFoF9vkC3uE32Q:1pG4sj:wvgMGFjjuN4pytpJXJjMktGTogVd0-uRycbn8OUWjlA", "expire_date": "2023-01-26T21:13:05.951Z"}}, {"model": "sessions.session", "pk": "bymqmu1lyghtum7o4wpbrqetmou3mppx", "fields": {"session_data": ".eJxVjDsOwyAQRO9CHSHALJiU6X0GtHw2OIlAMnYV5e6xJRdJOfPezJt53Nbit54XPyd2ZZJdfruA8ZnrAdID673x2Oq6zIEfCj9p51NL-XU73b-Dgr3saxvJSW0EmDwksoqMHkFRgDEmJx2SkOQGma1FtYccSCeDILSKAFoF9vkC3uE32Q:1oMzuu:ZCqZUgWzeNEJY_DNoR15woJB04FhyzQ8Taaumaz9Ejk", "expire_date": "2022-08-27T22:47:40.744Z"}}, {"model": "sessions.session", "pk": "dk7wh932dgpsxgepuax0o69i9souolor", "fields": {"session_data": ".eJxVjDsOwyAQRO9CHSHALJiU6X0GtHw2OIlAMnYV5e6xJRdJOfPezJt53Nbit54XPyd2ZZJdfruA8ZnrAdID673x2Oq6zIEfCj9p51NL-XU73b-Dgr3saxvJSW0EmDwksoqMHkFRgDEmJx2SkOQGma1FtYccSCeDILSKAFoF9vkC3uE32Q:1oN67o:-7RSqWph4QmqI-9xZUrOdfub1IDIrwGrPmeRSb6vKTQ", "expire_date": "2022-08-28T05:25:24.166Z"}}, {"model": "sessions.session", "pk": "dymqjhh68igo93kt7oed0ox4kw3h7ach", "fields": {"session_data": ".eJxVjDsOwyAQRO9CHSHALJiU6X0GtHw2OIlAMnYV5e6xJRdJOfPezJt53Nbit54XPyd2ZZJdfruA8ZnrAdID673x2Oq6zIEfCj9p51NL-XU73b-Dgr3saxvJSW0EmDwksoqMHkFRgDEmJx2SkOQGma1FtYccSCeDILSKAFoF9vkC3uE32Q:1oNLyh:pvI9EMpWm6Bcg6ovQqa_D8ZJAf0Jd_LnVHCNBYBqmnc", "expire_date": "2022-08-28T22:21:03.721Z"}}, {"model": "sessions.session", "pk": "ib6paku983ef33hlogywurw3q9vz0n2b", "fields": {"session_data": ".eJxVjDsOwyAQRO9CHSHALJiU6X0GtHw2OIlAMnYV5e6xJRdJOfPezJt53Nbit54XPyd2ZZJdfruA8ZnrAdID673x2Oq6zIEfCj9p51NL-XU73b-Dgr3saxvJSW0EmDwksoqMHkFRgDEmJx2SkOQGma1FtYccSCeDILSKAFoF9vkC3uE32Q:1oNSup:CGo_Jf0QyQnwvA8D8Ab-W8Hvz7ACVO2IFWwH4qqczQM", "expire_date": "2022-08-29T05:45:31.523Z"}}, {"model": "sessions.session", "pk": "knzqhe1jvunobsvcdrd1cj4su4hv4jxs", "fields": {"session_data": ".eJxVjDsOwyAQRO9CHSHALJiU6X0GtHw2OIlAMnYV5e6xJRdJOfPezJt53Nbit54XPyd2ZZJdfruA8ZnrAdID673x2Oq6zIEfCj9p51NL-XU73b-Dgr3saxvJSW0EmDwksoqMHkFRgDEmJx2SkOQGma1FtYccSCeDILSKAFoF9vkC3uE32Q:1oNLyy:h--8JXYDCLdYZEjM-BivO51PvF3n32m5r2pynSdbUyI", "expire_date": "2022-08-28T22:21:20.997Z"}}, {"model": "sessions.session", "pk": "olfv2yn62uqoykaq32vxylddwzno6hp0", "fields": {"session_data": ".eJxVjDsOwyAQRO9CHSHALJiU6X0GtHw2OIlAMnYV5e6xJRdJOfPezJt53Nbit54XPyd2ZZJdfruA8ZnrAdID673x2Oq6zIEfCj9p51NL-XU73b-Dgr3saxvJSW0EmDwksoqMHkFRgDEmJx2SkOQGma1FtYccSCeDILSKAFoF9vkC3uE32Q:1oNLyv:Bom77V-tvDjJhlp2hajr-aM_j1qilQlbjLlj62dHcmM", "expire_date": "2022-08-28T22:21:17.583Z"}}, {"model": "sessions.session", "pk": "tduplpcfa7nubus2c471q4x1imtk7ixh", "fields": {"session_data": "e30:1oMy4f:vfgBKAFjB9ZJw1rda3QB90krivKNhv0Bx_MtojdcohE", "expire_date": "2022-08-27T20:49:37.440Z"}}, {"model": "sessions.session", "pk": "xs8440tdcotkbott3fghmm4yzro0h4ro", "fields": {"session_data": ".eJxVjDsOwyAQRO9CHSHALJiU6X0GtHw2OIlAMnYV5e6xJRdJOfPezJt53Nbit54XPyd2ZZJdfruA8ZnrAdID673x2Oq6zIEfCj9p51NL-XU73b-Dgr3saxvJSW0EmDwksoqMHkFRgDEmJx2SkOQGma1FtYccSCeDILSKAFoF9vkC3uE32Q:1oNLyx:goaK80bNfDJ9NLd8ulp3wFaYXLGLfmnUh53Fj07skX8", "expire_date": "2022-08-28T22:21:19.521Z"}}, {"model": "ServicioTecnico.usuario", "pk": 6, "fields": {"username": "1234", "password": "perrocaliente123"}}, {"model": "ServicioTecnico.usuario", "pk": 7, "fields": {"username": "jdsm44", "password": "jonathan12_"}}, {"model": "ServicioTecnico.usuario", "pk": 8, "fields": {"username": "jimmy", "password": "qazwsx12de"}}, {"model": "ServicioTecnico.usuario", "pk": 9, "fields": {"username": "Alexander", "password": "yoamolasalchipapaqwe"}}, {"model": "ServicioTecnico.usuario", "pk": 10, "fields": {"username": "1", "password": "camaraweb12345"}}, {"model": "ServicioTecnico.usuario", "pk": 11, "fields": {"username": "vendedor", "password": "mariitatuflor_20"}}, {"model": "ServicioTecnico.usuario", "pk": 12, "fields": {"username": "tecnico", "password": "luchoelmejor12"}}, {"model": "ServicioTecnico.cliente", "pk": 1, "fields": {"nombres": "Luis Sur", "apellidos": "L¾pez Agreda", "cedula": "1100452238", "telefono": "0000000", "telefonoMovil": "0934126240", "email": "agreda_sur@gmail.com", "direccion": "Barrio: Los Girasoles."}}, {"model": "ServicioTecnico.cliente", "pk": 2, "fields": {"nombres": "Alexander", "apellidos": "Vicente", "cedula": "1150641946", "telefono": "0000000", "telefonoMovil": "0000000", "email": "alexander.a.vicente@unl.edu.ec", "direccion": "Malacatos"}}, {"model": "ServicioTecnico.cliente", "pk": 3, "fields": {"nombres": "jimmy", "apellidos": "cajamarca", "cedula": "1111111111", "telefono": "000000000", "telefonoMovil": "0991739340", "email": "jimmy@unl.edu.ec", "direccion": "Zamora Huayco Alto"}}, {"model": "ServicioTecnico.cliente", "pk": 4, "fields": {"nombres": "Jonathan", "apellidos": "Sefla", "cedula": "1900775691", "telefono": "072543555", "telefonoMovil": "0991617987", "email": "jonathan.sefla@unl.edu.ec", "direccion": "Las Palmas"}}, {"model": "ServicioTecnico.equipo", "pk": 1, "fields": {"descripcion": "Laptop", "marca": "HP", "modelo": "Pavilon", "numSerie": "123ss55552456", "observaciones": "No Carga. Cargador Destapado"}}, {"model": "ServicioTecnico.equipo", "pk": 2, "fields": {"descripcion": "CPU", "marca": "DELL", "modelo": "DEL11", "numSerie": "1234de324g7uu", "observaciones": "Fuente del 2010"}}, {"model": "ServicioTecnico.equipo", "pk": 3, "fields": {"descripcion": "CPU", "marca": "LG", "modelo": "G322D", "numSerie": "678ijt5h6632d", "observaciones": "Puerto de entrada USB con goma"}}, {"model": "ServicioTecnico.equipo", "pk": 5, "fields": {"descripcion": "Monitor", "marca": "LG", "modelo": "17DSR", "numSerie": "111ROB564B411", "observaciones": "LÝneas en toda la pantalla"}}, {"model": "ServicioTecnico.equipo", "pk": 6, "fields": {"descripcion": "Monitor", "marca": "HUAWEI", "modelo": "FR33S", "numSerie": "34RG77D66WO00", "observaciones": "Botones no responden"}}, {"model": "ServicioTecnico.equipo", "pk": 8, "fields": {"descripcion": "Monitor", "marca": "SAMSUNG", "modelo": "SR23", "numSerie": "DSR44423331L2", "observaciones": "Sin cable de corriente"}}, {"model": "ServicioTecnico.equipo", "pk": 11, "fields": {"descripcion": "Modem", "marca": "CNT", "modelo": "SD34", "numSerie": "333DE4TGY64FVG", "observaciones": "Sin se±al"}}, {"model": "ServicioTecnico.servicio", "pk": 1, "fields": {"nombre": "Mantenimiento PC", "descripcion": "Revisi¾n y limpieza total del case de la una computadora de mesa", "valor": 25.0}}, {"model": "ServicioTecnico.servicio", "pk": 2, "fields": {"nombre": "Mano de obra", "descripcion": "Para trabajos sencillos", "valor": 10.0}}, {"model": "ServicioTecnico.empleado", "pk": 1, "fields": {"rol": 1, "nombres": "Fernando Luis", "apellidos": "Sßnchez GarcÝa", "cedula": "0723535545", "email": "garcia12_@gmail.com", "telefono": "0984532798", "direccion": "La Alborada"}}, {"model": "ServicioTecnico.empleado", "pk": 2, "fields": {"rol": 0, "nombres": "MarÝa Linda", "apellidos": "Flores Herrera", "cedula": "1245237760", "email": "lindaflores@hotmail.com", "telefono": "0000000", "direccion": "Borja"}}, {"model": "ServicioTecnico.diagnostico", "pk": 1, "fields": {"descripcion": "Debido al uso del cargador da±ado se produjo un cortocircuito que quemo la baterÝa de la laptop. No hay da±os ademßs del cargador la baterÝa.", "defecto": "BaterÝa quemada", "empleado": 1, "equipo": 1}}, {"model": "ServicioTecnico.diagnostico", "pk": 2, "fields": {"descripcion": "Se realizo el cambio de las lamparas", "defecto": "Lamparas quemadas", "empleado": 1, "equipo": 8}}, {"model": "ServicioTecnico.diagnostico", "pk": 3, "fields": {"descripcion": "No funciona para nada", "defecto": "Pantalla rota(esquina superior izquierda)", "empleado": 1, "equipo": 5}}, {"model": "ServicioTecnico.proveedor", "pk": "2412665329167", "fields": {"nombre": "Mega Computadora", "email": "megapc@gmail.com", "direccion": "Cuenca - Ecuador"}}, {"model": "ServicioTecnico.producto", "pk": 1, "fields": {"nroSerie": "5553459912322", "nombre": "BaterÝa de Laptop HP", "unidades": 1, "precioCompra": 35.0, "precioVenta": 50.0, "marca": "AFRT", "modelo": "38uf3", "tipo": 1, "proveedor": "2412665329167"}}, {"model": "ServicioTecnico.producto", "pk": 2, "fields": {"nroSerie": "342DF5THY6645", "nombre": "Lamparas Pantalla", "unidades": 2, "precioCompra": 25.0, "precioVenta": 30.0, "marca": "SAMSUNG", "modelo": "17DSR", "tipo": 1, "proveedor": "2412665329167"}}, {"model": "ServicioTecnico.pedido", "pk": 1, "fields": {"tiempoEntrega": "2 dÝas", "descripcion": "BaterÝa para una laptop hp pavilon", "productos": 1, "empleado": 2}}, {"model": "ServicioTecnico.recibo", "pk": 1, "fields": {"fechaEmision": "2022-08-08", "subTotalProductos": 50.0, "valorTotal": 50.0, "fechaCierre": "2022-08-10", "estado": 3, "subTotalServicios": 25.0, "tipo": 1, "diagnostico": 1, "cliente": 2, "servicio": [1], "productos": [1]}}, {"model": "ServicioTecnico.recibo", "pk": 2, "fields": {"fechaEmision": "2022-08-01", "subTotalProductos": 60.0, "valorTotal": 70.0, "fechaCierre": "2022-08-05", "estado": 3, "subTotalServicios": 10.0, "tipo": 1, "diagnostico": 2, "cliente": 2, "servicio": [2], "productos": [2]}}, {"model": "ServicioTecnico.recibo", "pk": 3, "fields": {"fechaEmision": "2022-01-01", "subTotalProductos": 1.0, "valorTotal": 1.0, "fechaCierre": "2022-01-01", "estado": 1, "subTotalServicios": 1.0, "tipo": 1, "diagnostico": 3, "cliente": 3, "servicio": [2], "productos": [2]}}, {"model": "social_django.usersocialauth", "pk": 1, "fields": {"user": 2, "provider": "google-oauth2", "uid": "davidsefla99@gmail.com", "extra_data": "{\"auth_time\": 1660100214, \"expires\": 3599, \"token_type\": \"Bearer\", \"access_token\": \"ya29.A0AVA9y1u0wqIuxo4RHFJ7nDjmRsPa6ghVkfqjsh-JmdkY6g71d31Mf9OG0VDU9ZKj0UDVbk66QXIN716J2m8sjsan01_IrILJMw_CV0qF7EQTMzBjBc6ij_HpQSqLiDtCvXJ0JP6YUoDfLmHytxxjvS-MuUlCaCgYKATASATASFQE65dr84n21FUyeYTHHV-V4mc_usA0163\"}", "created": "2022-08-10T02:56:53.874Z", "modified": "2022-08-10T02:56:54.179Z"}}, {"model": "social_django.usersocialauth", "pk": 2, "fields": {"user": 13, "provider": "google-oauth2", "uid": "jimmycaja134@gmail.com", "extra_data": "{\"auth_time\": 1660543277, \"expires\": 3599, \"token_type\": \"Bearer\", \"access_token\": \"ya29.A0AVA9y1u4OCKVhcb8ZZrZmtJEckiV1-BweBJALLh2hTZv5oicOdphK0EuerZ761OipzVjY5M2w1pbhy_eY2Svqyi3qRGQFqYpjKVDovwB2yjtB65arpAd_v76TYqCjKO499Qzj0vBJZmttu4gQNxtFFFrqwDBhAaCgYKATASATASFQE65dr8UjZf6M_SFIrV0AZZcuBECg0165\"}", "created": "2022-08-15T06:01:17.564Z", "modified": "2022-08-15T06:01:17.570Z"}}]
